repository;file;methodname;anonymous test;long test;conditional test logic;rotten green test;assertion roulette;eager test;lazy test
alibaba/arthas;VmToolTest;testIsSnapshot;1;19;1;1;0/0;0;0
alibaba/arthas;VmToolTest;testGetInstancesMemoryLeak;1;11;2;1;0/0;0;0
alibaba/arthas;VmToolTest;testSumInstancesMemoryLeak;1;8;2;1;0/0;0;0
alibaba/arthas;VmToolTest;testCountInstancesMemoryLeak;1;8;2;1;0/0;0;0
alibaba/arthas;VmToolTest;testGetAllLoadedClassesMemoryLeak;1;9;2;1;0/0;0;0
alibaba/arthas;VmToolTest;test_getInstances_lmiit;1;10;2;0;1/3;0;0
alibaba/arthas;VmToolTest;test_getInstances_interface;1;7;0;0;1/3;0;0
alibaba/arthas;CliTokenImplTest;testSupportedPipeCharWithoutRegex;1;7;0;2;1/3;0;1
alibaba/arthas;CliTokenImplTest;testSupportedPipeCharWithRegex;1;7;0;2;1/3;0;1
alibaba/arthas;CliTokenImplTest;testUnSupportedPipeChar;1;9;0;2;1/3;0;1
alibaba/arthas;GrepHandlerTest;test4grep_ABC;2;10;2;2;0/1;0;1
alibaba/arthas;GrepHandlerTest;test4grep_v;2;10;2;2;0/1;0;1
alibaba/arthas;GrepHandlerTest;test4grep_e;2;8;2;2;0/1;0;1
alibaba/arthas;GrepHandlerTest;test4grep_m;2;9;2;2;0/1;0;1
alibaba/arthas;GrepHandlerTest;test4grep_n;2;9;2;2;0/1;0;1
alibaba/arthas;HttpUtilsTest;test1;2;4;0;0;0/1;0;1
alibaba/arthas;HttpUtilsTest;test2;2;4;0;0;0/1;0;1
alibaba/arthas;HttpUtilsTest;test3;2;4;0;0;0/1;0;1
alibaba/arthas;WildcardMatcherTest;testMatching;0;16;0;0;1/16;0;0
alibaba/arthas;RegexMatcherTest;testMatchingWithNullInputs;1;4;0;0;1/4;0;1
alibaba/arthas;RegexMatcherTest;testMatchingWithRegularGrammar;1;18;0;0;1/18;0;1
alibaba/arthas;RegexMatcherTest;testMatchingComplexRegex;1;10;0;0;1/8;0;1
alibaba/arthas;TrueMatcherTest;testMatching;0;4;0;0;1/4;0;0
alibaba/arthas;FalseMatcherTest;testMatching;0;4;0;0;1/4;0;0
alibaba/arthas;EqualsMatcherTest;testMatching;0;5;0;0;1/5;0;0
alibaba/arthas;GrepCommandTest;test;2;8;1;0;0/1;0;0
alibaba/arthas;GrepCommandTest;test2;2;8;1;0;0/1;0;0
alibaba/arthas;GrepCommandTest;test3;2;8;1;0;0/1;0;0
alibaba/arthas;URITest;test;2;5;0;0;0/1;0;0
alibaba/arthas;URITest;testEncode;1;5;0;0;0/1;0;0
alibaba/arthas;URITest;test3;2;7;0;0;0/1;0;0
alibaba/arthas;ObjectViewTest;testNull;1;2;0;0;0/1;0;1
alibaba/arthas;ObjectViewTest;testInteger;1;2;0;0;0/1;0;1
alibaba/arthas;ObjectViewTest;testChar;1;2;0;0;0/1;0;1
alibaba/arthas;ObjectViewTest;testString;1;2;0;0;0/1;0;1
alibaba/arthas;ObjectViewTest;testList;1;6;0;0;0/1;0;1
alibaba/arthas;ObjectViewTest;testMap;1;6;0;0;0/1;0;1
alibaba/arthas;ObjectViewTest;testIntArray;1;4;0;0;0/1;0;1
alibaba/arthas;ObjectViewTest;testLongArray;1;4;0;0;0/1;0;1
alibaba/arthas;ObjectViewTest;testShortArray;1;4;0;0;0/1;0;1
alibaba/arthas;ObjectViewTest;testFloatArray;1;4;0;0;0/1;0;1
alibaba/arthas;ObjectViewTest;testDoubleArray;1;4;0;0;0/1;0;1
alibaba/arthas;ObjectViewTest;testBooleanArray;1;4;0;0;0/1;0;1
alibaba/arthas;ObjectViewTest;testCharArray;1;4;0;0;0/1;0;1
alibaba/arthas;ObjectViewTest;testByteArray;1;4;0;0;0/1;0;1
alibaba/arthas;ObjectViewTest;testObjectArray;1;4;0;0;0/1;0;1
alibaba/arthas;ObjectViewTest;testThrowable;1;4;0;0;0/1;0;1
alibaba/arthas;ObjectViewTest;testDate;1;4;0;0;0/1;0;1
alibaba/arthas;ObjectViewTest;testNestedClass;1;3;0;0;0/1;0;1
alibaba/arthas;ObjectViewTest;testObjectTooLarge;1;3;0;0;0/1;0;1
alibaba/arthas;ObjectViewTest;testObjectViewBaseFieldValue;1;5;0;0;0/1;0;1
alibaba/arthas;TokenUtilsTest;testFindFirstTextToken;0;11;0;0;1/9;0;0
alibaba/arthas;TokenUtilsTest;testFindLastTextToken;0;13;0;0;1/11;0;0
alibaba/arthas;TokenUtilsTest;testFindSecondTextToken;0;12;0;0;1/10;0;0
alibaba/arthas;TypeRenderUtilsTest;testDrawInterface;0;6;1;2;1/4;0;0
alibaba/arthas;TypeRenderUtilsTest;testDrawParametersForMethod;1;7;0;0;1/4;0;1
alibaba/arthas;TypeRenderUtilsTest;testDrawParametersForMethodThrowsException;1;1;0;0;0/1;0;1
alibaba/arthas;TypeRenderUtilsTest;testDrawParametersForConstructor;1;6;0;0;1/2;0;1
alibaba/arthas;TypeRenderUtilsTest;testDrawParametersForConstructorThrowsException;1;1;0;0;0/1;0;1
alibaba/arthas;TypeRenderUtilsTest;testDrawReturn;0;6;0;0;1/3;0;1
alibaba/arthas;TypeRenderUtilsTest;testDrawReturnThrowsException;1;1;0;0;0/1;0;1
alibaba/arthas;TypeRenderUtilsTest;testDrawExceptionsForMethod;1;6;0;0;1/3;0;1
alibaba/arthas;TypeRenderUtilsTest;testDrawExceptionsForMethodThrowsException;1;1;0;0;0/1;0;1
alibaba/arthas;TypeRenderUtilsTest;testDrawExceptionsForConstructor;1;5;0;0;1/2;0;1
alibaba/arthas;TypeRenderUtilsTest;testDrawExceptionsForConstructorThrowsException;1;1;0;0;0/1;0;1
alibaba/arthas;StringUtilsTest;testHumanReadableByteCount;0;7;0;0;1/7;0;0
alibaba/arthas;StringUtilsTest;testCause;0;3;0;0;0/2;0;0
alibaba/arthas;StringUtilsTest;testCommaDelimitedListToSet;0;3;0;0;0/1;0;0
alibaba/arthas;StringUtilsTest;testCommaDelimitedListToStringArray;0;4;0;0;1/4;0;0
alibaba/arthas;StringUtilsTest;testContainsWhitespaceInputNotNullOutputTrue;1;5;0;0;1/5;0;0
alibaba/arthas;StringUtilsTest;testCountOccurrencesOf;0;5;0;0;1/5;0;0
alibaba/arthas;StringUtilsTest;testDeleteAny;0;5;0;0;1/5;0;0
alibaba/arthas;StringUtilsTest;testDelete;0;2;0;0;1/2;0;0
alibaba/arthas;StringUtilsTest;testDelimitedListToStringArray;0;4;0;0;1/4;0;1
alibaba/arthas;StringUtilsTest;testDelimitedListToStringArray2;1;7;0;0;1/7;0;1
alibaba/arthas;StringUtilsTest;testEndsWithIgnoreCase;0;4;0;0;1/4;0;0
alibaba/arthas;StringUtilsTest;testHasLength;0;4;0;0;1/4;0;0
alibaba/arthas;StringUtilsTest;testHasText;0;4;0;0;1/4;0;0
alibaba/arthas;StringUtilsTest;testIsBlank;0;3;0;0;1/3;0;0
alibaba/arthas;StringUtilsTest;testIsEmpty;0;3;0;0;1/3;0;0
alibaba/arthas;StringUtilsTest;testJoin;0;5;0;0;1/5;0;0
alibaba/arthas;StringUtilsTest;testLength;0;3;0;0;1/3;0;0
alibaba/arthas;StringUtilsTest;testNormalizeClassName;0;4;0;0;1/4;0;0
alibaba/arthas;StringUtilsTest;testObjectToString;0;3;0;0;1/3;0;0
alibaba/arthas;StringUtilsTest;testQuoteIfString;0;2;0;0;1/2;0;0
alibaba/arthas;StringUtilsTest;testQuote;0;2;0;0;1/2;0;0
alibaba/arthas;StringUtilsTest;testRepeat;0;13;2;0;1/8;0;0
alibaba/arthas;StringUtilsTest;testReplace;0;3;0;0;1/3;0;0
alibaba/arthas;StringUtilsTest;testSplitArrayElementsIntoProperties;0;12;0;0;1/3;0;0
alibaba/arthas;StringUtilsTest;testSplit;0;5;0;0;1/5;0;0
alibaba/arthas;StringUtilsTest;testStartsWith;2;4;0;0;1/4;0;0
alibaba/arthas;StringUtilsTest;testStripEnd;0;6;0;0;1/6;0;0
alibaba/arthas;StringUtilsTest;testSubstringAfter;0;4;0;0;1/4;0;0
alibaba/arthas;StringUtilsTest;testSubstringAfterLast;0;5;0;0;1/5;0;0
alibaba/arthas;StringUtilsTest;testSubstringBefore;0;5;0;0;1/5;0;0
alibaba/arthas;StringUtilsTest;testSubstringBeforeLast;0;4;0;0;1/4;0;0
alibaba/arthas;StringUtilsTest;testSubstringMatch;0;5;0;0;1/5;0;0
alibaba/arthas;StringUtilsTest;testTokenizeToStringArray;0;5;0;0;1/5;0;0
alibaba/arthas;StringUtilsTest;testToStringArray;0;7;0;0;1/3;0;0
alibaba/arthas;StringUtilsTest;testTrimAllWhitespace;0;4;0;0;1/4;0;0
alibaba/arthas;StringUtilsTest;testTrimLeadingCharacter;0;4;0;0;1/4;0;0
alibaba/arthas;StringUtilsTest;testTrimLeadingWhitespace;0;4;0;0;1/4;0;0
alibaba/arthas;StringUtilsTest;testTrimTrailingCharacter;0;3;0;0;1/3;0;0
alibaba/arthas;StringUtilsTest;testTrimTrailingWhitespace;0;3;0;0;1/3;0;0
alibaba/arthas;StringUtilsTest;testTrimWhitespace;0;5;0;0;1/5;0;0
alibaba/arthas;StringUtilsTest;testUncapitalize;0;3;0;0;1/3;0;0
alibaba/arthas;StringUtilsTest;testCapitalize;0;3;0;0;1/3;0;0
alibaba/arthas;StringUtilsTest;testUnqualify;0;2;0;0;1/2;0;0
alibaba/arthas;StringUtilsTest;testWrap;0;5;0;0;1/5;0;0
alibaba/arthas;StringUtilsTest;testClassLoaderHash;0;1;0;0;0/1;0;0
alibaba/arthas;LogUtilTest;testArthasHome;2;7;0;0;0/1;0;1
alibaba/arthas;LogUtilTest;testLogConfig;2;8;0;0;0/1;0;1
alibaba/arthas;LogUtilTest;test_DefaultLogFile;2;18;3;2;1/3;1;1
alibaba/arthas;LogUtilTest;test_ARTHAS_LOG_FILE;2;19;3;2;1/3;1;1
alibaba/arthas;LogUtilTest;test_ARTHAS_LOG_PATH;2;19;3;2;1/3;1;1
alibaba/arthas;LongStackTest;test;2;7;0;0;1/3;0;1
alibaba/arthas;LongStackTest;test2;2;8;0;0;1/4;0;1
alibaba/arthas;LongStackTest;test3;2;8;0;0;1/4;0;1
alibaba/arthas;LongStackTest;test4;2;7;0;0;1/4;0;1
alibaba/arthas;LongStackTest;test5;2;14;0;0;1/4;0;1
alibaba/arthas;DecompilerTest;test;2;5;0;0;0/1;0;0
alibaba/arthas;FileUtilsTest;testGetTestDirectory;0;1;0;0;0/1;0;0
alibaba/arthas;FileUtilsTest;testOpenOutputStreamIsDirectory;1;4;0;1;0/0;0;0
alibaba/arthas;FileUtilsTest;testOpenOutputStreamCannotWrite;1;4;0;1;0/0;0;0
alibaba/arthas;FileUtilsTest;testOpenOutputStream;0;4;0;0;0/1;0;0
alibaba/arthas;FileUtilsTest;testWriteByteArrayToFile;0;4;0;0;0/1;0;0
alibaba/arthas;FileUtilsTest;testWriteByteArrayToFileWithAppend;1;4;0;0;0/1;0;0
alibaba/arthas;FileUtilsTest;testReadFileToString;0;5;0;0;0/1;0;0
alibaba/arthas;FileUtilsTest;testSaveCommandHistory;0;4;0;0;0/1;0;0
alibaba/arthas;FileUtilsTest;testLoadCommandHistory;0;5;0;0;0/1;0;0
alibaba/arthas;ArthasCheckUtilsTest;testIsIn;0;8;0;0;1/8;0;0
alibaba/arthas;ArthasCheckUtilsTest;testIsEquals;0;5;0;0;1/5;0;0
alibaba/arthas;DateUtilsTest;testGetCurrentDateWithCorrectFormat;1;3;0;0;0/1;0;1
alibaba/arthas;DateUtilsTest;testGetCurrentDateWithInCorrectFormat;1;3;0;0;0/1;0;1
alibaba/arthas;ArrayUtilsTest;testEmptyLongArray;0;1;0;0;0/1;0;0
alibaba/arthas;ArrayUtilsTest;testToPrimitive;0;5;0;0;1/4;0;0
alibaba/arthas;ArthasBootstrapTest;test;2;18;1;0;0/1;0;0
alibaba/arthas;ArthasBootstrapTest;testConfigLocationNull;2;3;0;0;0/1;0;1
alibaba/arthas;ArthasBootstrapTest;testConfigLocation;2;7;0;0;0/1;0;1
alibaba/arthas;ArthasBootstrapTest;testConfigNameDefault;2;3;0;0;0/1;0;1
alibaba/arthas;ArthasBootstrapTest;testConfigName;1;5;0;0;0/1;0;1
alibaba/arthas;SecurityAuthenticatorImplTest;test1;2;7;0;0;1/2;1;1
alibaba/arthas;SecurityAuthenticatorImplTest;test2;2;4;0;0;0/1;0;1
alibaba/arthas;ArthasEnvironmentTest;test;2;6;0;0;1/3;0;1
alibaba/arthas;ArthasEnvironmentTest;test_properties;2;11;0;0;1/3;0;1
alibaba/arthas;ServerPropertiesTest;test;2;17;0;0;1/6;1;0
alibaba/arthas;ServerPropertiesTest;testSystemProperties;2;13;0;0;1/3;1;0
alibaba/arthas;PropertiesInjectUtilTest;test;2;27;0;0;1/11;1;0
alibaba/arthas;EnhancerTest;test;2;24;0;0;1/4;1;0
alibaba/arthas;SpyImplTest;testSplitMethodInfo;0;3;0;0;1/3;0;0
alibaba/arthas;SpyImplTest;testSplitInvokeInfo;0;1;0;0;0/1;0;0
alibaba/arthas;PackageInternalsFinderTest;testFilePathContainWhitespace;1;3;0;0;0/1;0;1
alibaba/arthas;PackageInternalsFinderTest;testFilePathContainChineseCharacter;1;3;0;0;0/1;0;1
alibaba/arthas;DynamicCompilerTest;test;2;11;0;0;1/2;0;0
alibaba/arthas;DownloadUtilsTest;testReadReleaseVersion;1;4;0;0;1/2;0;0
alibaba/arthas;DownloadUtilsTest;testReadAllVersions;1;2;0;0;0/1;0;0
alibaba/arthas;DownloadUtilsTest;testAliyunDownload;1;7;1;2;0/1;0;1
alibaba/arthas;DownloadUtilsTest;testCenterDownload;1;6;0;0;0/1;0;1
